,Df,SumOfSqs,F,parOmegaSq,Pr(>F)
Host,1,0.172207636452632,21.2333168657549,0.402786798248403,0.001
Location,4,0.296885408815093,9.15154241711577,0.520814000299526,0.001
Residual,24,0.194646145065015,NA,NA,NA
Total,29,0.663739190332742,NA,NA,NA
