,Df,SumOfSqs,F,parOmegaSq,Pr(>F)
Location,4,0.416066666345302,6.13524060679802,0.406422067185262,0.001
Host,1,0.436491114643726,25.7456626803764,0.452011382615823,0.001
Residual,24,0.40689520722394,NA,NA,NA
Total,29,1.25945298821297,NA,NA,NA
